{"stats":{"minecraft:used":{"exdeorum:oak_barrel":1,"minecraft:crafting_table":1,"exdeorum:crook":64},"minecraft:picked_up":{"exdeorum:string_mesh":25,"exdeorum:silk_worm":1,"minecraft:stick":5,"exdeorum:mycelium_spores":1,"minecraft:crafting_table":1,"minecraft:apple":1,"exdeorum:oak_sieve":25,"exdeorum:oak_barrel":1,"minecraft:oak_sapling":6,"minecraft:bamboo":1,"minecraft:sugar_cane":1,"minecraft:melon_seeds":1,"exdeorum:grass_seeds":2},"minecraft:crafted":{"gtceu:tin_ingot":6,"minecraft:air":0,"exdeorum:crook":1},"minecraft:dropped":{"exdeorum:oak_crucible":1,"minecraft:white_bed":1},"minecraft:custom":{"minecraft:time_since_rest":8796,"minecraft:open_chest":23,"minecraft:crouch_one_cm":150,"minecraft:play_time":8796,"minecraft:interact_with_furnace":3,"minecraft:sprint_one_cm":2420,"minecraft:walk_one_cm":6984,"minecraft:sneak_time":44,"minecraft:drop":2,"minecraft:jump":6,"minecraft:time_since_death":8796,"minecraft:total_world_time":8796,"minecraft:interact_with_crafting_table":2,"minecraft:fly_one_cm":5090},"minecraft:mined":{"exdeorum:oak_barrel":1,"exdeorum:oak_sieve":25,"minecraft:oak_leaves":64,"minecraft:crafting_table":1}},"DataVersion":3465}