{"stats":{"minecraft:used":{"exdeorum:oak_sieve":25,"minecraft:water_bucket":2,"minecraft:oak_planks":10,"minecraft:chest":2,"exdeorum:crook":320,"minecraft:sand":16,"minecraft:oak_slab":8,"minecraft:crafting_table":1,"exdeorum:oak_barrel":1,"minecraft:apple":4,"minecraft:gravel":64,"minecraft:cobblestone":64,"exdeorum:stone_hammer":144,"minecraft:oak_sapling":10,"minecraft:bucket":3},"minecraft:broken":{"exdeorum:crook":2,"exdeorum:stone_hammer":1},"minecraft:picked_up":{"exdeorum:mycelium_spores":1,"minecraft:crafting_table":1,"exdeorum:dust":16,"gtceu:crushed_vanadium_magnetite_ore":30,"minecraft:flint":22,"minecraft:oak_log":49,"exdeorum:oak_barrel":1,"exdeorum:grass_seeds":2,"exdeorum:string_mesh":25,"minecraft:apple":7,"gtceu:crushed_gypsum_ore":19,"exdeorum:oak_sieve":25,"gtceu:crushed_talc_ore":8,"minecraft:bamboo":1,"minecraft:sugar_cane":1,"minecraft:stick":23,"gtceu:crushed_bentonite_ore":20,"gtceu:crushed_basaltic_mineral_sand_ore":10,"gtceu:crushed_coal_ore":50,"minecraft:gravel":64,"minecraft:sand":64,"gtceu:crushed_soapstone_ore":7,"gtceu:crushed_glauconite_sand_ore":12,"gtceu:crushed_cassiterite_ore":40,"gtceu:crushed_tin_ore":10,"exdeorum:silk_worm":3,"minecraft:clay":3,"gtceu:crushed_iron_ore":27,"gtceu:crushed_salt_ore":27,"gtceu:crushed_rock_salt_ore":16,"gtceu:crushed_granitic_mineral_sand_ore":11,"gtceu:crushed_magnetite_ore":31,"minecraft:oak_sapling":46,"minecraft:melon_seeds":1},"minecraft:crafted":{"minecraft:oak_planks":32,"minecraft:cauldron":1,"gtceu:iron_mortar":2,"gtceu:iron_screwdriver":1,"gtceu:iron_screw":1,"gtceu:iron_saw":1,"gtceu:iron_wrench":1,"gtceu:iron_hammer":1,"gtceu:iron_plate":23,"minecraft:stone":19,"minecraft:bucket":1,"gtceu:tin_ingot":144,"minecraft:air":0,"exdeorum:crook":4,"gtceu:tin_dust":76,"gtceu:iron_knife":1,"gtceu:iron_bolt":2,"gtceu:tin_alloy_ingot":4,"minecraft:cobblestone":16,"gtceu:iron_rod":6,"minecraft:stick":20,"minecraft:iron_ingot":67,"gtceu:iron_file":1,"minecraft:chest":2,"gtceu:iron_wire_cutter":1,"exdeorum:stone_hammer":3,"gtceu:iron_dust":2,"gtceu:tin_alloy_dust":4},"minecraft:dropped":{"exdeorum:oak_barrel":1,"minecraft:white_bed":1,"exdeorum:oak_crucible":1},"minecraft:custom":{"minecraft:interact_with_furnace":29,"minecraft:interact_with_crafting_table":19,"minecraft:time_since_death":68796,"minecraft:sleep_in_bed":2,"minecraft:time_since_rest":10113,"minecraft:walk_one_cm":46477,"minecraft:sprint_one_cm":20942,"minecraft:damage_taken":30,"minecraft:drop":3,"minecraft:fly_one_cm":8679,"minecraft:open_chest":49,"minecraft:crouch_one_cm":884,"minecraft:play_time":68796,"minecraft:sneak_time":223,"minecraft:jump":41,"minecraft:walk_on_water_one_cm":411,"minecraft:total_world_time":68796,"minecraft:fall_one_cm":938},"minecraft:mined":{"minecraft:crafting_table":1,"minecraft:cobblestone":64,"minecraft:oak_log":49,"exdeorum:oak_barrel":1,"minecraft:gravel":64,"minecraft:sand":16,"exdeorum:oak_sieve":25,"minecraft:oak_leaves":320}},"DataVersion":3465}