{"stats":{"minecraft:used":{"exdeorum:oak_sieve":25,"exdeorum:oak_barrel":1,"exdeorum:crook":128,"minecraft:crafting_table":1,"minecraft:oak_sapling":5},"minecraft:broken":{"exdeorum:crook":1},"minecraft:picked_up":{"gtceu:crushed_bentonite_ore":20,"minecraft:crafting_table":1,"minecraft:stick":12,"exdeorum:mycelium_spores":1,"gtceu:crushed_basaltic_mineral_sand_ore":10,"gtceu:crushed_coal_ore":50,"gtceu:crushed_vanadium_magnetite_ore":30,"minecraft:flint":22,"minecraft:oak_log":25,"exdeorum:oak_barrel":1,"gtceu:crushed_soapstone_ore":7,"gtceu:crushed_glauconite_sand_ore":12,"exdeorum:grass_seeds":2,"gtceu:crushed_cassiterite_ore":40,"exdeorum:string_mesh":25,"gtceu:crushed_tin_ore":10,"exdeorum:silk_worm":1,"minecraft:apple":1,"gtceu:crushed_iron_ore":27,"gtceu:crushed_salt_ore":27,"exdeorum:oak_sieve":25,"gtceu:crushed_gypsum_ore":19,"gtceu:crushed_rock_salt_ore":16,"gtceu:crushed_granitic_mineral_sand_ore":11,"gtceu:crushed_talc_ore":8,"gtceu:crushed_magnetite_ore":31,"minecraft:bamboo":1,"minecraft:oak_sapling":15,"minecraft:melon_seeds":1,"minecraft:sugar_cane":1},"minecraft:crafted":{"minecraft:iron_ingot":38,"gtceu:tin_ingot":6,"minecraft:air":0,"exdeorum:crook":4},"minecraft:dropped":{"exdeorum:oak_crucible":1,"exdeorum:oak_barrel":1,"minecraft:white_bed":1},"minecraft:custom":{"minecraft:time_since_rest":4739,"minecraft:interact_with_furnace":8,"minecraft:sprint_one_cm":4305,"minecraft:walk_one_cm":18217,"minecraft:drop":3,"minecraft:fly_one_cm":6489,"minecraft:interact_with_crafting_table":4,"minecraft:open_chest":27,"minecraft:crouch_one_cm":203,"minecraft:play_time":20796,"minecraft:sneak_time":69,"minecraft:jump":11,"minecraft:time_since_death":20796,"minecraft:sleep_in_bed":1,"minecraft:total_world_time":20796,"minecraft:fall_one_cm":267},"minecraft:mined":{"minecraft:crafting_table":1,"minecraft:oak_log":25,"exdeorum:oak_barrel":1,"exdeorum:oak_sieve":25,"minecraft:oak_leaves":128}},"DataVersion":3465}