{"stats":{"minecraft:broken":{"exdeorum:crook":23},"minecraft:crafted":{"minecraft:oak_slab":132,"minecraft:oak_planks":524,"exdeorum:oak_barrel":4,"minecraft:crafting_table":1,"gtceu:wood_mallet":1,"minecraft:furnace":2,"gtceu:tin_ingot":5,"minecraft:air":0,"exdeorum:crook":39,"exdeorum:oak_crucible":1,"minecraft:white_wool":3,"minecraft:cobblestone":32,"exdeorum:string_mesh":25,"minecraft:stick":24,"minecraft:iron_ingot":21,"minecraft:chest":6,"exdeorum:oak_sieve":27,"minecraft:oak_fence":3,"exdeorum:stone_hammer":1},"minecraft:picked_up":{"exdeorum:mycelium_spores":1,"minecraft:potato":2,"gtceu:crushed_vanadium_magnetite_ore":15,"minecraft:flint":48,"minecraft:oak_log":743,"minecraft:string":282,"exdeorum:grass_seeds":2,"minecraft:dirt":22,"exdeorum:string_mesh":12,"minecraft:apple":47,"minecraft:wheat_seeds":5,"exdeorum:stone_pebble":131,"gtceu:crushed_gypsum_ore":11,"gtceu:crushed_talc_ore":6,"minecraft:bamboo":2,"minecraft:sugar_cane":2,"minecraft:oak_planks":8,"minecraft:stick":235,"gtceu:crushed_bentonite_ore":14,"gtceu:crushed_basaltic_mineral_sand_ore":11,"minecraft:poisonous_potato":3,"gtceu:crushed_coal_ore":29,"minecraft:gravel":30,"minecraft:white_bed":1,"minecraft:carrot":3,"gtceu:crushed_glauconite_sand_ore":6,"gtceu:crushed_cassiterite_ore":27,"gtceu:crushed_tin_ore":11,"exdeorum:silk_worm":46,"minecraft:pumpkin_seeds":3,"gtceu:crushed_iron_ore":21,"minecraft:beetroot_seeds":4,"gtceu:crushed_salt_ore":15,"gtceu:crushed_rock_salt_ore":11,"gtceu:crushed_granitic_mineral_sand_ore":16,"gtceu:crushed_magnetite_ore":24,"minecraft:oak_sapling":376,"minecraft:melon_seeds":1},"minecraft:custom":{"minecraft:interact_with_furnace":10,"minecraft:interact_with_crafting_table":23,"minecraft:leave_game":2,"minecraft:time_since_death":64974,"minecraft:sleep_in_bed":2,"minecraft:time_since_rest":5931,"minecraft:sprint_one_cm":37822,"minecraft:damage_taken":70,"minecraft:walk_one_cm":130775,"minecraft:drop":4,"minecraft:fly_one_cm":6720,"minecraft:open_chest":29,"minecraft:crouch_one_cm":24306,"minecraft:play_time":64974,"minecraft:sneak_time":6488,"minecraft:jump":75,"minecraft:total_world_time":71344,"minecraft:fall_one_cm":1403},"minecraft:dropped":{"exdeorum:string_mesh":12,"exdeorum:oak_sieve":2,"minecraft:flint":27},"minecraft:mined":{"minecraft:oak_sapling":2,"exdeorum:infested_leaves":582,"minecraft:cobblestone":30,"minecraft:oak_planks":8,"minecraft:oak_log":743,"minecraft:oak_leaves":2563},"minecraft:used":{"exdeorum:oak_sieve":25,"minecraft:oak_fence":2,"minecraft:oak_planks":250,"minecraft:chest":6,"exdeorum:crook":3057,"minecraft:white_wool":3,"minecraft:crafting_table":1,"minecraft:white_bed":1,"exdeorum:silk_worm":4,"exdeorum:oak_barrel":4,"minecraft:apple":21,"minecraft:cobblestone":30,"exdeorum:oak_crucible":1,"exdeorum:stone_hammer":30,"minecraft:oak_sapling":131,"minecraft:furnace":2}},"DataVersion":3465}