{
  "minecraft:recipes/decorations/crafting_table": {
    "criteria": {
      "unlock_right_away": "2024-07-11 17:43:43 +0000"
    },
    "done": true
  },
  "minecraft:adventure/adventuring_time": {
    "criteria": {
      "minecraft:old_growth_pine_taiga": "2024-07-11 18:05:55 +0000",
      "minecraft:taiga": "2024-07-11 18:05:35 +0000",
      "minecraft:forest": "2024-07-11 18:07:18 +0000",
      "minecraft:plains": "2024-07-11 17:43:44 +0000"
    },
    "done": false
  },
  "DataVersion": 3465
}